{
  "pareto_archive": [
    {
      "position": [
        0.1969468417101795,
        0.0257272899516997,
        0.0,
        0.0560131356638649,
        0.37373617493638905,
        0.5805100331297209,
        1.0,
        0.7019751868979089
      ],
      "hyperparams": {
        "cnn_filters_1": 32,
        "cnn_filters_2": 64,
        "gru_units": 32,
        "lstm_units": 32,
        "dense_units": 128,
        "dropout": 0.3322040132518884,
        "learning_rate": 0.01,
        "window_size": 35
      },
      "objectives": [
        0.6362499892711639,
        0.095952023988006,
        5.078819183098848
      ]
    },
    {
      "position": [
        0.1390854264282045,
        0.0,
        0.0,
        0.0,
        0.341186990209149,
        0.2993734889550518,
        0.9580255591716593,
        0.05297650194425624
      ],
      "hyperparams": {
        "cnn_filters_1": 32,
        "cnn_filters_2": 64,
        "gru_units": 32,
        "lstm_units": 32,
        "dense_units": 128,
        "dropout": 0.21974939558202072,
        "learning_rate": 0.008242351253511852,
        "window_size": 20
      },
      "objectives": [
        0.6574999988079071,
        0.0,
        5.078819183098848
      ]
    },
    {
      "position": [
        1.0,
        0.0,
        0.04409503949414384,
        0.5398751678125622,
        0.18357783987361986,
        0.9118577331428006,
        0.8181241460318903,
        0.0
      ],
      "hyperparams": {
        "cnn_filters_1": 128,
        "cnn_filters_2": 64,
        "gru_units": 32,
        "lstm_units": 64,
        "dense_units": 64,
        "dropout": 0.46474309325712027,
        "learning_rate": 0.004327611757749017,
        "window_size": 20
      },
      "objectives": [
        0.19249999523162842,
        0.03886397608370702,
        5.43480514705965
      ]
    },
    {
      "position": [
        0.0,
        0.5995148770152287,
        0.5121490982508337,
        0.29964240462854685,
        0.39346879134778573,
        0.668976827807185,
        0.7951826559491326,
        0.23823386654118367
      ],
      "hyperparams": {
        "cnn_filters_1": 32,
        "cnn_filters_2": 128,
        "gru_units": 64,
        "lstm_units": 64,
        "dense_units": 128,
        "dropout": 0.367590731122874,
        "learning_rate": 0.0038937253255561435,
        "window_size": 25
      },
      "objectives": [
        0.12250000238418579,
        0.009077155824508321,
        5.557589000364686
      ]
    },
    {
      "position": [
        0.11358205961865377,
        0.24097285085782577,
        0.11894461752513666,
        0.6752884803240305,
        0.14627888391370014,
        1.0,
        0.5095685431513552,
        0.028437524817428825
      ],
      "hyperparams": {
        "cnn_filters_1": 32,
        "cnn_filters_2": 64,
        "gru_units": 32,
        "lstm_units": 64,
        "dense_units": 64,
        "dropout": 0.5,
        "learning_rate": 0.0010450500402154697,
        "window_size": 20
      },
      "objectives": [
        0.2574999928474426,
        0.0,
        5.166003603146687
      ]
    },
    {
      "position": [
        0.12496620585797233,
        0.10061328704281042,
        0.38411488408020844,
        0.6282050458568724,
        0.003994383061767859,
        0.5912321106247217,
        0.5964756717777788,
        0.10259153066933102
      ],
      "hyperparams": {
        "cnn_filters_1": 32,
        "cnn_filters_2": 64,
        "gru_units": 64,
        "lstm_units": 64,
        "dense_units": 64,
        "dropout": 0.3364928442498887,
        "learning_rate": 0.0015593777872082415,
        "window_size": 20
      },
      "objectives": [
        0.2549999952316284,
        0.1031390134529148,
        5.259794496659228
      ]
    }
  ],
  "history": [
    {
      "iteration": 1,
      "archive_size": 5,
      "best_accuracy": 0.6612499952316284
    },
    {
      "iteration": 2,
      "archive_size": 7,
      "best_accuracy": 0.6612499952316284
    },
    {
      "iteration": 3,
      "archive_size": 10,
      "best_accuracy": 0.7074999809265137
    },
    {
      "iteration": 4,
      "archive_size": 13,
      "best_accuracy": 0.7074999809265137
    },
    {
      "iteration": 5,
      "archive_size": 17,
      "best_accuracy": 0.7162500023841858
    },
    {
      "iteration": 6,
      "archive_size": 16,
      "best_accuracy": 0.7275000214576721
    },
    {
      "iteration": 7,
      "archive_size": 19,
      "best_accuracy": 0.7275000214576721
    },
    {
      "iteration": 8,
      "archive_size": 17,
      "best_accuracy": 0.7275000214576721
    },
    {
      "iteration": 9,
      "archive_size": 8,
      "best_accuracy": 0.8774999976158142
    },
    {
      "iteration": 10,
      "archive_size": 6,
      "best_accuracy": 0.8774999976158142
    }
  ]
}