{
  "accuracy": 0.973536036036036,
  "kappa": 0.9579014472638362,
  "per_class": {
    "Awake": {
      "precision": 0.9683257918552036,
      "recall": 1.0,
      "f1-score": 0.9839080459770115,
      "support": 214.0
    },
    "Light": {
      "precision": 0.9735234215885947,
      "recall": 0.9865841073271414,
      "f1-score": 0.9800102511532548,
      "support": 969.0
    },
    "Deep": {
      "precision": 0.9787878787878788,
      "recall": 0.9877675840978594,
      "f1-score": 0.9832572298325722,
      "support": 327.0
    },
    "REM": {
      "precision": 0.9711934156378601,
      "recall": 0.8872180451127819,
      "f1-score": 0.9273084479371316,
      "support": 266.0
    },
    "accuracy": 0.973536036036036,
    "macro avg": {
      "precision": 0.9729576269673843,
      "recall": 0.9653924341344456,
      "f1-score": 0.9686209937249926,
      "support": 1776.0
    },
    "weighted avg": {
      "precision": 0.9735174548984623,
      "recall": 0.973536036036036,
      "f1-score": 0.9731843561447704,
      "support": 1776.0
    }
  },
  "false_alarm_rate_per_class": {
    "Awake": 0.004481434058898848,
    "Light": 0.0322180916976456,
    "Deep": 0.004830917874396135,
    "REM": 0.004635761589403974
  },
  "mean_false_alarm_rate": 0.01154155130508614,
  "sleep_efficiency": 0.8755630630630631,
  "confusion_matrix": [
    [
      214,
      0,
      0,
      0
    ],
    [
      6,
      956,
      0,
      7
    ],
    [
      0,
      4,
      323,
      0
    ],
    [
      1,
      22,
      7,
      236
    ]
  ],
  "hrv_recovery_score": 0.0,
  "sleep_quality_score": 95.23
}