epoch,accuracy,loss,val_accuracy,val_loss
0,0.35850000381469727,1.3285248279571533,0.3499999940395355,1.3898913860321045
1,0.5385000109672546,0.9046552777290344,0.6899999976158142,1.0466803312301636
