epoch,accuracy,learning_rate,loss,val_accuracy,val_loss
0,0.5586493015289307,0.0005000000237487257,1.0629245042800903,0.2869649827480316,2.421597957611084
1,0.715936005115509,0.0005000000237487257,0.7657226920127869,0.2908560335636139,2.7562413215637207
2,0.7852488160133362,0.0005000000237487257,0.6411303281784058,0.29182878136634827,3.1326584815979004
3,0.8225710988044739,0.0005000000237487257,0.5759666562080383,0.28599220514297485,2.9375038146972656
4,0.8515995144844055,0.0002500000118743628,0.5224407315254211,0.2850194573402405,2.9450767040252686
5,0.8738151788711548,0.0002500000118743628,0.4862246513366699,0.28988325595855713,3.265652656555176
6,0.896327018737793,0.0002500000118743628,0.4602857232093811,0.28015562891960144,3.446662425994873
